IeLJZuguKMe3pgcJ,2018-12-09T23:28:51+00:00
H0j4cLbYekbH4k5V,2018-12-09T23:26:11+00:00
v0aHNzok88BWbUDP,2018-12-09T23:21:26+00:00
HgYq9SHY7fBXAcE0,2018-12-09T23:20:36+00:00
IbUJ6gX0soV9Spi0,2018-12-09T23:17:30+00:00
dnwiT53ElqTj8lrx,2018-12-09T23:15:52+00:00
MC11AkX6nQQUH0pI,2018-12-09T23:01:47+00:00
kcnisHBzNzOnPDif,2018-12-09T22:59:46+00:00
5xagSMctAHNE6Azf,2018-12-09T22:57:35+00:00
nXmyGpneyOAYuBjC,2018-12-09T22:41:55+00:00
U50kBC5eI7sdkgob,2018-12-09T22:41:50+00:00
fxzCjnLIGzijwSnd,2018-12-09T22:35:15+00:00
WhsERd72uxj5w7rh,2018-12-09T22:32:29+00:00
08bEJCfjMEGLK714,2018-12-09T22:31:52+00:00
kcnisHBzNzOnPDif,2018-12-09T22:30:59+00:00
GL21WnR1iX8z2XCp,2018-12-09T22:26:18+00:00
JvpNcx9j5hc497GW,2018-12-09T22:19:48+00:00
zuOqwYpzTHokdvZl,2018-12-09T22:15:58+00:00
0OqPH2pi8tDWhAcS,2018-12-09T22:10:14+00:00
dnwiT53ElqTj8lrx,2018-12-09T21:56:08+00:00
yhIKLRU44fuMyKFJ,2018-12-09T21:54:42+00:00
nZqFkCxzNwKxbVoT,2018-12-09T21:54:08+00:00
jCeVQjjZttbKXcUc,2018-12-09T21:53:07+00:00
e6iZADUaLf3PfGCT,2018-12-09T21:43:39+00:00
ds7nZ0fZV5tcRgEX,2018-12-09T21:40:38+00:00
j8Ebh2vP6eSsPeuH,2018-12-09T21:39:21+00:00
uTjUdZZExsgQbbBs,2018-12-09T21:37:27+00:00
9YXeaW3JDRUwk1bs,2018-12-09T21:36:27+00:00
jCeVQjjZttbKXcUc,2018-12-09T21:35:43+00:00
5xagSMctAHNE6Azf,2018-12-09T21:33:30+00:00
d9VMTYySutBdEszq,2018-12-09T21:30:47+00:00
dnwiT53ElqTj8lrx,2018-12-09T21:28:02+00:00
ExbMvZlS7o1Cv51W,2018-12-09T21:22:12+00:00
IeLJZuguKMe3pgcJ,2018-12-09T21:16:02+00:00
MJ7wiJCbA9oeyWlt,2018-12-09T21:12:03+00:00
WhsERd72uxj5w7rh,2018-12-09T21:04:40+00:00
UdNmDc2xkg0Pwx2T,2018-12-09T21:02:09+00:00
fRcTomLegiqjuVZC,2018-12-09T20:53:12+00:00
gCVvXb3zSQO3bCXC,2018-12-09T20:50:36+00:00
kcnisHBzNzOnPDif,2018-12-09T20:49:37+00:00
9YXeaW3JDRUwk1bs,2018-12-09T20:48:21+00:00
IbUJ6gX0soV9Spi0,2018-12-09T20:44:43+00:00
dnwiT53ElqTj8lrx,2018-12-09T20:44:34+00:00
B0CGBQdJG0OMdfEq,2018-12-09T20:41:20+00:00
r1J1N5wRzaz3XEfB,2018-12-09T20:40:47+00:00
yhIKLRU44fuMyKFJ,2018-12-09T20:37:27+00:00
Q06d5qHsFeb2iHoC,2018-12-09T20:36:47+00:00
d9VMTYySutBdEszq,2018-12-09T20:26:14+00:00
r1J1N5wRzaz3XEfB,2018-12-09T20:25:55+00:00
1GiGAqeOAxtGmvqv,2018-12-09T20:24:47+00:00
9YXeaW3JDRUwk1bs,2018-12-09T20:24:13+00:00
zuOqwYpzTHokdvZl,2018-12-09T20:12:59+00:00
pPPrOFjPEXO0Q7LT,2018-12-09T19:56:20+00:00
MC11AkX6nQQUH0pI,2018-12-09T19:54:48+00:00
9YXeaW3JDRUwk1bs,2018-12-09T19:51:45+00:00
lJ065Flndl4k2iFJ,2018-12-09T19:48:47+00:00
kcnisHBzNzOnPDif,2018-12-09T19:48:12+00:00
ZaRPSeQvi7W5BL3t,2018-12-09T19:46:47+00:00
U50kBC5eI7sdkgob,2018-12-09T19:40:51+00:00
MC11AkX6nQQUH0pI,2018-12-09T19:36:58+00:00
WhsERd72uxj5w7rh,2018-12-09T19:31:22+00:00
0OqPH2pi8tDWhAcS,2018-12-09T19:31:12+00:00
JvpNcx9j5hc497GW,2018-12-09T19:31:04+00:00
GuvnPI7pugb3n8LP,2018-12-09T19:16:04+00:00
nQjbz8xac2k3w5Ai,2018-12-09T19:06:33+00:00
jltxQqiWMS696wmn,2018-12-09T19:05:51+00:00
lJ065Flndl4k2iFJ,2018-12-09T19:03:20+00:00
JvpNcx9j5hc497GW,2018-12-09T18:57:41+00:00
zooddYMgzNW9oqoz,2018-12-09T18:55:19+00:00
zuOqwYpzTHokdvZl,2018-12-09T18:53:39+00:00
GuvnPI7pugb3n8LP,2018-12-09T18:52:17+00:00
GuvnPI7pugb3n8LP,2018-12-09T18:39:07+00:00
B0CGBQdJG0OMdfEq,2018-12-09T18:38:37+00:00
r1J1N5wRzaz3XEfB,2018-12-09T18:29:37+00:00
e6iZADUaLf3PfGCT,2018-12-09T18:26:44+00:00
MC11AkX6nQQUH0pI,2018-12-09T18:24:53+00:00
IeLJZuguKMe3pgcJ,2018-12-09T18:10:39+00:00
JvpNcx9j5hc497GW,2018-12-09T18:10:00+00:00
pPPrOFjPEXO0Q7LT,2018-12-09T18:06:43+00:00
zooddYMgzNW9oqoz,2018-12-09T18:00:30+00:00
08bEJCfjMEGLK714,2018-12-09T17:58:05+00:00
1GiGAqeOAxtGmvqv,2018-12-09T17:57:18+00:00
KzqyATM06BGcckL1,2018-12-09T17:54:54+00:00
nQjbz8xac2k3w5Ai,2018-12-09T17:43:11+00:00
pPPrOFjPEXO0Q7LT,2018-12-09T17:40:01+00:00
r1J1N5wRzaz3XEfB,2018-12-09T17:36:35+00:00
udB50YkZJWhNzFbJ,2018-12-09T17:31:40+00:00
kcnisHBzNzOnPDif,2018-12-09T17:24:32+00:00
IeLJZuguKMe3pgcJ,2018-12-09T17:18:44+00:00
ZaRPSeQvi7W5BL3t,2018-12-09T17:12:07+00:00
MC11AkX6nQQUH0pI,2018-12-09T17:09:02+00:00
HgYq9SHY7fBXAcE0,2018-12-09T17:08:46+00:00
H0j4cLbYekbH4k5V,2018-12-09T17:07:53+00:00
d9VMTYySutBdEszq,2018-12-09T16:59:25+00:00
v0aHNzok88BWbUDP,2018-12-09T16:58:47+00:00
j8Ebh2vP6eSsPeuH,2018-12-09T16:58:06+00:00
yhIKLRU44fuMyKFJ,2018-12-09T16:55:15+00:00
pPPrOFjPEXO0Q7LT,2018-12-09T16:52:39+00:00
ZaRPSeQvi7W5BL3t,2018-12-09T16:51:29+00:00
08bEJCfjMEGLK714,2018-12-09T16:50:05+00:00
r1J1N5wRzaz3XEfB,2018-12-09T16:35:25+00:00
nQjbz8xac2k3w5Ai,2018-12-09T16:27:48+00:00
kcnisHBzNzOnPDif,2018-12-09T16:23:44+00:00
ExbMvZlS7o1Cv51W,2018-12-09T16:18:56+00:00
Z1TfpCZ0QBGmSmdj,2018-12-09T16:14:24+00:00
r1J1N5wRzaz3XEfB,2018-12-09T15:45:40+00:00
e6iZADUaLf3PfGCT,2018-12-09T15:44:11+00:00
LvxFAiGmuHb6mdXb,2018-12-09T15:29:32+00:00
LvxFAiGmuHb6mdXb,2018-12-09T15:20:59+00:00
MC11AkX6nQQUH0pI,2018-12-09T15:17:50+00:00
5xagSMctAHNE6Azf,2018-12-09T15:17:17+00:00
ds7nZ0fZV5tcRgEX,2018-12-09T15:12:18+00:00
nXmyGpneyOAYuBjC,2018-12-09T15:11:01+00:00
zuOqwYpzTHokdvZl,2018-12-09T15:10:13+00:00
HgYq9SHY7fBXAcE0,2018-12-09T15:02:31+00:00
B0CGBQdJG0OMdfEq,2018-12-09T15:00:23+00:00
MC11AkX6nQQUH0pI,2018-12-09T15:00:12+00:00
udB50YkZJWhNzFbJ,2018-12-09T14:59:31+00:00
kcnisHBzNzOnPDif,2018-12-09T14:53:46+00:00
j8Ebh2vP6eSsPeuH,2018-12-09T14:52:16+00:00
1GiGAqeOAxtGmvqv,2018-12-09T14:51:45+00:00
OAKnZodQRITyD8zU,2018-12-09T14:49:43+00:00
U50kBC5eI7sdkgob,2018-12-09T14:48:15+00:00
yhIKLRU44fuMyKFJ,2018-12-09T14:46:07+00:00
ds7nZ0fZV5tcRgEX,2018-12-09T14:45:30+00:00
MC11AkX6nQQUH0pI,2018-12-09T14:44:21+00:00
uTjUdZZExsgQbbBs,2018-12-09T14:43:43+00:00
Q06d5qHsFeb2iHoC,2018-12-09T14:42:30+00:00
uTjUdZZExsgQbbBs,2018-12-09T14:36:41+00:00
5xagSMctAHNE6Azf,2018-12-09T14:17:41+00:00
udB50YkZJWhNzFbJ,2018-12-09T14:16:32+00:00
zuOqwYpzTHokdvZl,2018-12-09T13:57:46+00:00
fxzCjnLIGzijwSnd,2018-12-09T13:52:01+00:00
IbUJ6gX0soV9Spi0,2018-12-09T13:39:21+00:00
zuOqwYpzTHokdvZl,2018-12-09T13:37:21+00:00
HSLNStMS9D7UwwcK,2018-12-09T13:33:48+00:00
IeLJZuguKMe3pgcJ,2018-12-09T13:29:12+00:00
nXmyGpneyOAYuBjC,2018-12-09T13:16:19+00:00
ds7nZ0fZV5tcRgEX,2018-12-09T13:15:20+00:00
Z1TfpCZ0QBGmSmdj,2018-12-09T13:03:12+00:00
KzqyATM06BGcckL1,2018-12-09T13:00:19+00:00
U50kBC5eI7sdkgob,2018-12-09T12:57:13+00:00
JvpNcx9j5hc497GW,2018-12-09T12:46:52+00:00
v0aHNzok88BWbUDP,2018-12-09T12:46:03+00:00
dnwiT53ElqTj8lrx,2018-12-09T12:43:15+00:00
ds7nZ0fZV5tcRgEX,2018-12-09T12:41:11+00:00
nQjbz8xac2k3w5Ai,2018-12-09T12:36:09+00:00
GuvnPI7pugb3n8LP,2018-12-09T12:33:58+00:00
1GiGAqeOAxtGmvqv,2018-12-09T12:31:23+00:00
nQjbz8xac2k3w5Ai,2018-12-09T12:27:03+00:00
0OqPH2pi8tDWhAcS,2018-12-09T12:16:34+00:00
rO8ObXLt83NyOovT,2018-12-09T12:08:27+00:00
08bEJCfjMEGLK714,2018-12-09T12:06:32+00:00
pPPrOFjPEXO0Q7LT,2018-12-09T12:04:41+00:00
zooddYMgzNW9oqoz,2018-12-09T11:53:32+00:00
jltxQqiWMS696wmn,2018-12-09T11:53:17+00:00
lJ065Flndl4k2iFJ,2018-12-09T11:49:35+00:00
nZqFkCxzNwKxbVoT,2018-12-09T11:43:30+00:00
ZaRPSeQvi7W5BL3t,2018-12-09T11:41:25+00:00
yhIKLRU44fuMyKFJ,2018-12-09T11:40:30+00:00
HgYq9SHY7fBXAcE0,2018-12-09T11:33:50+00:00
U50kBC5eI7sdkgob,2018-12-09T11:31:43+00:00
uTjUdZZExsgQbbBs,2018-12-09T11:23:48+00:00
fRcTomLegiqjuVZC,2018-12-09T11:23:30+00:00
pPPrOFjPEXO0Q7LT,2018-12-09T11:09:32+00:00
nXmyGpneyOAYuBjC,2018-12-09T11:05:01+00:00
GL21WnR1iX8z2XCp,2018-12-09T11:04:13+00:00
08bEJCfjMEGLK714,2018-12-09T10:55:05+00:00
nXmyGpneyOAYuBjC,2018-12-09T10:51:54+00:00
B0CGBQdJG0OMdfEq,2018-12-09T10:47:54+00:00
U50kBC5eI7sdkgob,2018-12-09T10:41:00+00:00
1GiGAqeOAxtGmvqv,2018-12-09T10:40:32+00:00
lJ065Flndl4k2iFJ,2018-12-09T10:38:18+00:00
jltxQqiWMS696wmn,2018-12-09T10:26:29+00:00
0OqPH2pi8tDWhAcS,2018-12-09T10:26:15+00:00
r1J1N5wRzaz3XEfB,2018-12-09T10:20:48+00:00
rO8ObXLt83NyOovT,2018-12-09T10:16:15+00:00
WhsERd72uxj5w7rh,2018-12-09T10:12:10+00:00
HSLNStMS9D7UwwcK,2018-12-09T10:10:03+00:00
5xagSMctAHNE6Azf,2018-12-09T10:09:09+00:00
e6iZADUaLf3PfGCT,2018-12-09T10:04:54+00:00
UdNmDc2xkg0Pwx2T,2018-12-09T10:04:06+00:00
pPPrOFjPEXO0Q7LT,2018-12-09T10:00:25+00:00
zuOqwYpzTHokdvZl,2018-12-09T09:46:52+00:00
fxzCjnLIGzijwSnd,2018-12-09T09:42:07+00:00
JvpNcx9j5hc497GW,2018-12-09T09:42:02+00:00
IbUJ6gX0soV9Spi0,2018-12-09T09:38:42+00:00
zooddYMgzNW9oqoz,2018-12-09T09:34:41+00:00
r1J1N5wRzaz3XEfB,2018-12-09T09:33:28+00:00
JvpNcx9j5hc497GW,2018-12-09T09:11:12+00:00
rO8ObXLt83NyOovT,2018-12-09T09:09:16+00:00
HgYq9SHY7fBXAcE0,2018-12-09T09:02:01+00:00
v0aHNzok88BWbUDP,2018-12-09T09:01:40+00:00
LvxFAiGmuHb6mdXb,2018-12-09T08:57:03+00:00
LvxFAiGmuHb6mdXb,2018-12-09T08:54:54+00:00
dnwiT53ElqTj8lrx,2018-12-09T08:45:40+00:00
9YXeaW3JDRUwk1bs,2018-12-09T08:44:53+00:00
v0aHNzok88BWbUDP,2018-12-09T08:44:14+00:00
gCVvXb3zSQO3bCXC,2018-12-09T08:31:04+00:00
B0CGBQdJG0OMdfEq,2018-12-09T08:29:51+00:00
H0j4cLbYekbH4k5V,2018-12-09T08:11:14+00:00
MC11AkX6nQQUH0pI,2018-12-09T08:09:20+00:00
udB50YkZJWhNzFbJ,2018-12-09T07:57:54+00:00
gCVvXb3zSQO3bCXC,2018-12-09T07:56:21+00:00
jCeVQjjZttbKXcUc,2018-12-09T07:53:38+00:00
9YXeaW3JDRUwk1bs,2018-12-09T07:53:13+00:00
MC11AkX6nQQUH0pI,2018-12-09T07:38:51+00:00
5xagSMctAHNE6Azf,2018-12-09T07:33:45+00:00
yhIKLRU44fuMyKFJ,2018-12-09T07:31:38+00:00
1GiGAqeOAxtGmvqv,2018-12-09T07:31:36+00:00
OAKnZodQRITyD8zU,2018-12-09T07:29:20+00:00
GuvnPI7pugb3n8LP,2018-12-09T07:21:32+00:00
WhsERd72uxj5w7rh,2018-12-09T07:12:52+00:00
9YXeaW3JDRUwk1bs,2018-12-09T07:12:08+00:00
5xagSMctAHNE6Azf,2018-12-09T06:53:40+00:00
uTjUdZZExsgQbbBs,2018-12-09T06:42:17+00:00
uTjUdZZExsgQbbBs,2018-12-09T06:37:52+00:00
H0j4cLbYekbH4k5V,2018-12-09T06:37:08+00:00
KzqyATM06BGcckL1,2018-12-09T06:36:15+00:00
HSLNStMS9D7UwwcK,2018-12-09T06:35:18+00:00
HgYq9SHY7fBXAcE0,2018-12-09T06:26:21+00:00
U50kBC5eI7sdkgob,2018-12-09T06:26:07+00:00
pPPrOFjPEXO0Q7LT,2018-12-09T06:26:00+00:00
MC11AkX6nQQUH0pI,2018-12-09T06:21:26+00:00
uTjUdZZExsgQbbBs,2018-12-09T06:20:55+00:00
nQjbz8xac2k3w5Ai,2018-12-09T06:19:52+00:00
MC11AkX6nQQUH0pI,2018-12-09T06:14:13+00:00
Z1TfpCZ0QBGmSmdj,2018-12-09T06:13:41+00:00
rO8ObXLt83NyOovT,2018-12-09T06:11:55+00:00
GL21WnR1iX8z2XCp,2018-12-09T06:08:17+00:00
9YXeaW3JDRUwk1bs,2018-12-09T06:02:12+00:00
r1J1N5wRzaz3XEfB,2018-12-09T05:56:20+00:00
pPPrOFjPEXO0Q7LT,2018-12-09T05:55:01+00:00
MJ7wiJCbA9oeyWlt,2018-12-09T05:50:05+00:00
fxzCjnLIGzijwSnd,2018-12-09T05:48:27+00:00
9YXeaW3JDRUwk1bs,2018-12-09T05:47:15+00:00
IbUJ6gX0soV9Spi0,2018-12-09T05:44:36+00:00
jltxQqiWMS696wmn,2018-12-09T05:36:04+00:00
B0CGBQdJG0OMdfEq,2018-12-09T05:32:56+00:00
MC11AkX6nQQUH0pI,2018-12-09T05:26:23+00:00
UdNmDc2xkg0Pwx2T,2018-12-09T05:24:52+00:00
HgYq9SHY7fBXAcE0,2018-12-09T05:10:09+00:00
ZaRPSeQvi7W5BL3t,2018-12-09T05:09:04+00:00
IbUJ6gX0soV9Spi0,2018-12-09T05:08:26+00:00
pPPrOFjPEXO0Q7LT,2018-12-09T05:04:25+00:00
zooddYMgzNW9oqoz,2018-12-09T04:58:56+00:00
pPPrOFjPEXO0Q7LT,2018-12-09T04:57:46+00:00
MJ7wiJCbA9oeyWlt,2018-12-09T04:57:40+00:00
H0j4cLbYekbH4k5V,2018-12-09T04:56:24+00:00
Z1TfpCZ0QBGmSmdj,2018-12-09T04:52:38+00:00
rO8ObXLt83NyOovT,2018-12-09T04:51:58+00:00
U50kBC5eI7sdkgob,2018-12-09T04:51:09+00:00
MC11AkX6nQQUH0pI,2018-12-09T04:43:39+00:00
08bEJCfjMEGLK714,2018-12-09T04:42:47+00:00
UdNmDc2xkg0Pwx2T,2018-12-09T04:31:46+00:00
Q06d5qHsFeb2iHoC,2018-12-09T04:29:17+00:00
kcnisHBzNzOnPDif,2018-12-09T04:26:39+00:00
dnwiT53ElqTj8lrx,2018-12-09T04:21:45+00:00
5xagSMctAHNE6Azf,2018-12-09T04:20:06+00:00
jCeVQjjZttbKXcUc,2018-12-09T04:15:13+00:00
jCeVQjjZttbKXcUc,2018-12-09T04:01:43+00:00
e6iZADUaLf3PfGCT,2018-12-09T03:54:31+00:00
IeLJZuguKMe3pgcJ,2018-12-09T03:51:50+00:00
zooddYMgzNW9oqoz,2018-12-09T03:49:07+00:00
ExbMvZlS7o1Cv51W,2018-12-09T03:46:39+00:00
udB50YkZJWhNzFbJ,2018-12-09T03:41:12+00:00
GuvnPI7pugb3n8LP,2018-12-09T03:17:29+00:00
pPPrOFjPEXO0Q7LT,2018-12-09T03:09:04+00:00
nXmyGpneyOAYuBjC,2018-12-09T03:06:11+00:00
zooddYMgzNW9oqoz,2018-12-09T03:00:53+00:00
r1J1N5wRzaz3XEfB,2018-12-09T02:52:26+00:00
dnwiT53ElqTj8lrx,2018-12-09T02:38:26+00:00
kcnisHBzNzOnPDif,2018-12-09T02:16:39+00:00
kcnisHBzNzOnPDif,2018-12-09T02:15:49+00:00
nXmyGpneyOAYuBjC,2018-12-09T02:08:14+00:00
udB50YkZJWhNzFbJ,2018-12-09T01:56:51+00:00
IbUJ6gX0soV9Spi0,2018-12-09T01:54:30+00:00
j8Ebh2vP6eSsPeuH,2018-12-09T01:52:46+00:00
yhIKLRU44fuMyKFJ,2018-12-09T01:45:31+00:00
e6iZADUaLf3PfGCT,2018-12-09T01:43:16+00:00
KzqyATM06BGcckL1,2018-12-09T01:35:33+00:00
U50kBC5eI7sdkgob,2018-12-09T01:29:58+00:00
jCeVQjjZttbKXcUc,2018-12-09T01:07:09+00:00
LvxFAiGmuHb6mdXb,2018-12-09T01:05:23+00:00
MC11AkX6nQQUH0pI,2018-12-09T01:03:39+00:00
Z1TfpCZ0QBGmSmdj,2018-12-09T01:02:55+00:00
ZaRPSeQvi7W5BL3t,2018-12-09T01:00:01+00:00
KzqyATM06BGcckL1,2018-12-09T00:57:13+00:00
0OqPH2pi8tDWhAcS,2018-12-09T00:53:06+00:00
WhsERd72uxj5w7rh,2018-12-09T00:40:55+00:00
v0aHNzok88BWbUDP,2018-12-09T00:40:48+00:00
KzqyATM06BGcckL1,2018-12-09T00:37:10+00:00
r1J1N5wRzaz3XEfB,2018-12-09T00:33:07+00:00
JvpNcx9j5hc497GW,2018-12-09T00:30:14+00:00
Z1TfpCZ0QBGmSmdj,2018-12-09T00:29:52+00:00
Q06d5qHsFeb2iHoC,2018-12-09T00:20:00+00:00
zooddYMgzNW9oqoz,2018-12-09T00:19:29+00:00
uTjUdZZExsgQbbBs,2018-12-09T00:04:49+00:00
WhsERd72uxj5w7rh,2018-12-09T00:03:56+00:00
jCeVQjjZttbKXcUc,2018-12-09T00:02:50+00:00
JvpNcx9j5hc497GW,2018-12-09T00:00:55+00:00
HSLNStMS9D7UwwcK,2018-12-08T23:59:44+00:00
rO8ObXLt83NyOovT,2018-12-08T23:57:44+00:00
UdNmDc2xkg0Pwx2T,2018-12-08T23:55:51+00:00
B0CGBQdJG0OMdfEq,2018-12-08T23:55:12+00:00
Q06d5qHsFeb2iHoC,2018-12-08T23:53:13+00:00
zooddYMgzNW9oqoz,2018-12-08T23:43:01+00:00
uTjUdZZExsgQbbBs,2018-12-08T23:41:49+00:00
fxzCjnLIGzijwSnd,2018-12-08T23:28:40+00:00
fxzCjnLIGzijwSnd,2018-12-08T23:16:39+00:00
B0CGBQdJG0OMdfEq,2018-12-08T23:12:10+00:00
Q06d5qHsFeb2iHoC,2018-12-08T23:08:08+00:00
dnwiT53ElqTj8lrx,2018-12-08T23:02:04+00:00
d9VMTYySutBdEszq,2018-12-08T23:00:54+00:00
zuOqwYpzTHokdvZl,2018-12-08T22:48:49+00:00
jCeVQjjZttbKXcUc,2018-12-08T22:48:44+00:00
ExbMvZlS7o1Cv51W,2018-12-08T22:46:59+00:00
jCeVQjjZttbKXcUc,2018-12-08T22:33:34+00:00
nZqFkCxzNwKxbVoT,2018-12-08T22:30:30+00:00
JvpNcx9j5hc497GW,2018-12-08T22:24:40+00:00
d9VMTYySutBdEszq,2018-12-08T22:20:36+00:00
KzqyATM06BGcckL1,2018-12-08T22:19:24+00:00
5xagSMctAHNE6Azf,2018-12-08T22:17:04+00:00
zooddYMgzNW9oqoz,2018-12-08T22:14:18+00:00
GuvnPI7pugb3n8LP,2018-12-08T22:10:25+00:00
GuvnPI7pugb3n8LP,2018-12-08T22:09:46+00:00
9YXeaW3JDRUwk1bs,2018-12-08T22:07:09+00:00
udB50YkZJWhNzFbJ,2018-12-08T22:03:35+00:00
nQjbz8xac2k3w5Ai,2018-12-08T22:03:23+00:00
fRcTomLegiqjuVZC,2018-12-08T22:02:31+00:00
0OqPH2pi8tDWhAcS,2018-12-08T21:59:14+00:00
udB50YkZJWhNzFbJ,2018-12-08T21:58:33+00:00
08bEJCfjMEGLK714,2018-12-08T21:55:18+00:00
v0aHNzok88BWbUDP,2018-12-08T21:50:16+00:00
LvxFAiGmuHb6mdXb,2018-12-08T21:46:39+00:00
ZaRPSeQvi7W5BL3t,2018-12-08T21:38:00+00:00
gCVvXb3zSQO3bCXC,2018-12-08T21:37:58+00:00
rO8ObXLt83NyOovT,2018-12-08T21:36:28+00:00
zooddYMgzNW9oqoz,2018-12-08T21:32:01+00:00
gCVvXb3zSQO3bCXC,2018-12-08T21:30:37+00:00
HgYq9SHY7fBXAcE0,2018-12-08T21:29:03+00:00
9YXeaW3JDRUwk1bs,2018-12-08T21:22:04+00:00
GuvnPI7pugb3n8LP,2018-12-08T21:21:04+00:00
gCVvXb3zSQO3bCXC,2018-12-08T21:12:15+00:00
UdNmDc2xkg0Pwx2T,2018-12-08T21:11:36+00:00
yhIKLRU44fuMyKFJ,2018-12-08T21:11:12+00:00
nZqFkCxzNwKxbVoT,2018-12-08T21:10:41+00:00
jCeVQjjZttbKXcUc,2018-12-08T21:09:58+00:00
Z1TfpCZ0QBGmSmdj,2018-12-08T21:06:37+00:00
KzqyATM06BGcckL1,2018-12-08T21:00:22+00:00
udB50YkZJWhNzFbJ,2018-12-08T20:52:26+00:00
GuvnPI7pugb3n8LP,2018-12-08T20:45:23+00:00
ds7nZ0fZV5tcRgEX,2018-12-08T20:44:40+00:00
d9VMTYySutBdEszq,2018-12-08T20:33:38+00:00
U50kBC5eI7sdkgob,2018-12-08T20:33:27+00:00
GuvnPI7pugb3n8LP,2018-12-08T20:23:41+00:00
v0aHNzok88BWbUDP,2018-12-08T20:23:22+00:00
fRcTomLegiqjuVZC,2018-12-08T20:23:14+00:00
udB50YkZJWhNzFbJ,2018-12-08T20:19:07+00:00
zuOqwYpzTHokdvZl,2018-12-08T20:15:51+00:00
OAKnZodQRITyD8zU,2018-12-08T20:14:08+00:00
jltxQqiWMS696wmn,2018-12-08T20:12:36+00:00
udB50YkZJWhNzFbJ,2018-12-08T20:09:36+00:00
KzqyATM06BGcckL1,2018-12-08T20:09:08+00:00
dnwiT53ElqTj8lrx,2018-12-08T20:07:43+00:00
9YXeaW3JDRUwk1bs,2018-12-08T20:04:17+00:00
fxzCjnLIGzijwSnd,2018-12-08T20:03:09+00:00
gCVvXb3zSQO3bCXC,2018-12-08T20:02:23+00:00
j8Ebh2vP6eSsPeuH,2018-12-08T19:58:43+00:00
kcnisHBzNzOnPDif,2018-12-08T19:55:21+00:00
fRcTomLegiqjuVZC,2018-12-08T19:53:33+00:00
ExbMvZlS7o1Cv51W,2018-12-08T19:46:52+00:00
MC11AkX6nQQUH0pI,2018-12-08T19:37:43+00:00
dnwiT53ElqTj8lrx,2018-12-08T19:32:11+00:00
WhsERd72uxj5w7rh,2018-12-08T19:31:43+00:00
kcnisHBzNzOnPDif,2018-12-08T19:23:09+00:00
udB50YkZJWhNzFbJ,2018-12-08T19:20:55+00:00
v0aHNzok88BWbUDP,2018-12-08T19:19:09+00:00
0OqPH2pi8tDWhAcS,2018-12-08T19:18:59+00:00
v0aHNzok88BWbUDP,2018-12-08T19:18:34+00:00
ExbMvZlS7o1Cv51W,2018-12-08T19:15:22+00:00
GL21WnR1iX8z2XCp,2018-12-08T19:14:30+00:00
gCVvXb3zSQO3bCXC,2018-12-08T19:14:04+00:00
pPPrOFjPEXO0Q7LT,2018-12-08T19:13:31+00:00
H0j4cLbYekbH4k5V,2018-12-08T19:12:42+00:00
nXmyGpneyOAYuBjC,2018-12-08T19:09:32+00:00
OAKnZodQRITyD8zU,2018-12-08T19:05:44+00:00
zuOqwYpzTHokdvZl,2018-12-08T19:01:37+00:00
Z1TfpCZ0QBGmSmdj,2018-12-08T18:58:56+00:00
LvxFAiGmuHb6mdXb,2018-12-08T18:51:21+00:00
LvxFAiGmuHb6mdXb,2018-12-08T18:46:23+00:00
yhIKLRU44fuMyKFJ,2018-12-08T18:45:08+00:00
GuvnPI7pugb3n8LP,2018-12-08T18:38:44+00:00
ZaRPSeQvi7W5BL3t,2018-12-08T18:36:44+00:00
r1J1N5wRzaz3XEfB,2018-12-08T18:31:52+00:00
udB50YkZJWhNzFbJ,2018-12-08T18:26:40+00:00
LvxFAiGmuHb6mdXb,2018-12-08T18:24:52+00:00
5xagSMctAHNE6Azf,2018-12-08T18:16:13+00:00
U50kBC5eI7sdkgob,2018-12-08T18:11:14+00:00
KzqyATM06BGcckL1,2018-12-08T18:05:38+00:00
JvpNcx9j5hc497GW,2018-12-08T18:03:14+00:00
HSLNStMS9D7UwwcK,2018-12-08T17:59:20+00:00
LvxFAiGmuHb6mdXb,2018-12-08T17:54:37+00:00
B0CGBQdJG0OMdfEq,2018-12-08T17:52:41+00:00
IbUJ6gX0soV9Spi0,2018-12-08T17:46:29+00:00
B0CGBQdJG0OMdfEq,2018-12-08T17:40:45+00:00
ZaRPSeQvi7W5BL3t,2018-12-08T17:33:09+00:00
1GiGAqeOAxtGmvqv,2018-12-08T17:19:26+00:00
pPPrOFjPEXO0Q7LT,2018-12-08T17:19:21+00:00
1GiGAqeOAxtGmvqv,2018-12-08T17:16:32+00:00
OAKnZodQRITyD8zU,2018-12-08T17:13:11+00:00
dnwiT53ElqTj8lrx,2018-12-08T17:05:21+00:00
OAKnZodQRITyD8zU,2018-12-08T16:59:21+00:00
nZqFkCxzNwKxbVoT,2018-12-08T16:59:01+00:00
dnwiT53ElqTj8lrx,2018-12-08T16:52:34+00:00
dnwiT53ElqTj8lrx,2018-12-08T16:50:50+00:00
dnwiT53ElqTj8lrx,2018-12-08T16:45:50+00:00
MC11AkX6nQQUH0pI,2018-12-08T16:40:38+00:00
nZqFkCxzNwKxbVoT,2018-12-08T16:36:21+00:00
nXmyGpneyOAYuBjC,2018-12-08T16:35:52+00:00
fRcTomLegiqjuVZC,2018-12-08T16:27:47+00:00
e6iZADUaLf3PfGCT,2018-12-08T16:21:35+00:00
U50kBC5eI7sdkgob,2018-12-08T16:14:47+00:00
ZaRPSeQvi7W5BL3t,2018-12-08T16:14:11+00:00
zooddYMgzNW9oqoz,2018-12-08T16:11:52+00:00
Z1TfpCZ0QBGmSmdj,2018-12-08T16:07:56+00:00
nQjbz8xac2k3w5Ai,2018-12-08T16:04:23+00:00
jCeVQjjZttbKXcUc,2018-12-08T16:03:17+00:00
lJ065Flndl4k2iFJ,2018-12-08T16:00:12+00:00
pPPrOFjPEXO0Q7LT,2018-12-08T15:53:39+00:00
nQjbz8xac2k3w5Ai,2018-12-08T15:36:14+00:00
e6iZADUaLf3PfGCT,2018-12-08T15:31:18+00:00
rO8ObXLt83NyOovT,2018-12-08T15:29:31+00:00
IeLJZuguKMe3pgcJ,2018-12-08T15:27:31+00:00
nQjbz8xac2k3w5Ai,2018-12-08T15:22:11+00:00
udB50YkZJWhNzFbJ,2018-12-08T15:21:21+00:00
KzqyATM06BGcckL1,2018-12-08T15:17:42+00:00
1GiGAqeOAxtGmvqv,2018-12-08T15:17:04+00:00
uTjUdZZExsgQbbBs,2018-12-08T15:13:18+00:00
U50kBC5eI7sdkgob,2018-12-08T15:10:47+00:00
fxzCjnLIGzijwSnd,2018-12-08T15:08:29+00:00
MJ7wiJCbA9oeyWlt,2018-12-08T15:07:12+00:00
0OqPH2pi8tDWhAcS,2018-12-08T15:05:37+00:00
KzqyATM06BGcckL1,2018-12-08T15:04:58+00:00
H0j4cLbYekbH4k5V,2018-12-08T15:04:43+00:00
pPPrOFjPEXO0Q7LT,2018-12-08T15:03:37+00:00
GL21WnR1iX8z2XCp,2018-12-08T14:54:13+00:00
ExbMvZlS7o1Cv51W,2018-12-08T14:49:14+00:00
uTjUdZZExsgQbbBs,2018-12-08T14:47:20+00:00
GL21WnR1iX8z2XCp,2018-12-08T14:42:55+00:00
Z1TfpCZ0QBGmSmdj,2018-12-08T14:41:45+00:00
IeLJZuguKMe3pgcJ,2018-12-08T14:36:55+00:00
pPPrOFjPEXO0Q7LT,2018-12-08T14:31:24+00:00
jltxQqiWMS696wmn,2018-12-08T14:21:36+00:00
ds7nZ0fZV5tcRgEX,2018-12-08T14:15:49+00:00
yhIKLRU44fuMyKFJ,2018-12-08T14:11:20+00:00
9YXeaW3JDRUwk1bs,2018-12-08T14:10:29+00:00
Q06d5qHsFeb2iHoC,2018-12-08T13:54:39+00:00
5xagSMctAHNE6Azf,2018-12-08T13:54:32+00:00
U50kBC5eI7sdkgob,2018-12-08T13:47:56+00:00
pPPrOFjPEXO0Q7LT,2018-12-08T13:47:44+00:00
ExbMvZlS7o1Cv51W,2018-12-08T13:46:07+00:00
ZaRPSeQvi7W5BL3t,2018-12-08T13:34:55+00:00
MJ7wiJCbA9oeyWlt,2018-12-08T13:33:06+00:00
08bEJCfjMEGLK714,2018-12-08T13:25:17+00:00
nZqFkCxzNwKxbVoT,2018-12-08T13:20:40+00:00
zuOqwYpzTHokdvZl,2018-12-08T13:18:39+00:00
dnwiT53ElqTj8lrx,2018-12-08T13:08:02+00:00
MC11AkX6nQQUH0pI,2018-12-08T13:02:01+00:00
ds7nZ0fZV5tcRgEX,2018-12-08T12:55:50+00:00
B0CGBQdJG0OMdfEq,2018-12-08T12:52:36+00:00
nZqFkCxzNwKxbVoT,2018-12-08T12:50:29+00:00
ZaRPSeQvi7W5BL3t,2018-12-08T12:44:00+00:00
H0j4cLbYekbH4k5V,2018-12-08T12:35:11+00:00
Q06d5qHsFeb2iHoC,2018-12-08T12:34:33+00:00
ds7nZ0fZV5tcRgEX,2018-12-08T12:24:04+00:00
d9VMTYySutBdEszq,2018-12-08T12:23:31+00:00
0OqPH2pi8tDWhAcS,2018-12-08T12:22:27+00:00
nXmyGpneyOAYuBjC,2018-12-08T12:18:42+00:00
H0j4cLbYekbH4k5V,2018-12-08T12:17:38+00:00
U50kBC5eI7sdkgob,2018-12-08T12:14:01+00:00
KzqyATM06BGcckL1,2018-12-08T12:11:22+00:00
nXmyGpneyOAYuBjC,2018-12-08T12:06:12+00:00
gCVvXb3zSQO3bCXC,2018-12-08T11:56:34+00:00
j8Ebh2vP6eSsPeuH,2018-12-08T11:56:20+00:00
KzqyATM06BGcckL1,2018-12-08T11:50:17+00:00
nZqFkCxzNwKxbVoT,2018-12-08T11:48:21+00:00
jltxQqiWMS696wmn,2018-12-08T11:41:28+00:00
nXmyGpneyOAYuBjC,2018-12-08T11:40:56+00:00
jltxQqiWMS696wmn,2018-12-08T11:37:32+00:00
9YXeaW3JDRUwk1bs,2018-12-08T11:37:12+00:00
9YXeaW3JDRUwk1bs,2018-12-08T11:32:14+00:00
HSLNStMS9D7UwwcK,2018-12-08T11:26:10+00:00
dnwiT53ElqTj8lrx,2018-12-08T11:23:56+00:00
U50kBC5eI7sdkgob,2018-12-08T11:21:31+00:00
Z1TfpCZ0QBGmSmdj,2018-12-08T11:21:29+00:00
zuOqwYpzTHokdvZl,2018-12-08T11:16:30+00:00
IeLJZuguKMe3pgcJ,2018-12-08T11:13:24+00:00
U50kBC5eI7sdkgob,2018-12-08T11:11:35+00:00
UdNmDc2xkg0Pwx2T,2018-12-08T11:09:54+00:00
jltxQqiWMS696wmn,2018-12-08T11:01:37+00:00
nZqFkCxzNwKxbVoT,2018-12-08T11:00:33+00:00
U50kBC5eI7sdkgob,2018-12-08T10:52:08+00:00
GuvnPI7pugb3n8LP,2018-12-08T10:51:10+00:00
nQjbz8xac2k3w5Ai,2018-12-08T10:46:02+00:00
08bEJCfjMEGLK714,2018-12-08T10:44:13+00:00
pPPrOFjPEXO0Q7LT,2018-12-08T10:42:29+00:00
udB50YkZJWhNzFbJ,2018-12-08T10:38:02+00:00
lJ065Flndl4k2iFJ,2018-12-08T10:37:09+00:00
uTjUdZZExsgQbbBs,2018-12-08T10:33:52+00:00
UdNmDc2xkg0Pwx2T,2018-12-08T10:33:31+00:00
HSLNStMS9D7UwwcK,2018-12-08T10:25:09+00:00
udB50YkZJWhNzFbJ,2018-12-08T10:24:23+00:00
HgYq9SHY7fBXAcE0,2018-12-08T10:21:56+00:00
udB50YkZJWhNzFbJ,2018-12-08T10:21:45+00:00
MJ7wiJCbA9oeyWlt,2018-12-08T10:17:31+00:00
jCeVQjjZttbKXcUc,2018-12-08T10:14:34+00:00
IeLJZuguKMe3pgcJ,2018-12-08T10:13:14+00:00
nQjbz8xac2k3w5Ai,2018-12-08T10:10:14+00:00
IeLJZuguKMe3pgcJ,2018-12-08T10:07:51+00:00
udB50YkZJWhNzFbJ,2018-12-08T10:07:43+00:00
JvpNcx9j5hc497GW,2018-12-08T10:06:38+00:00
yhIKLRU44fuMyKFJ,2018-12-08T10:05:52+00:00
j8Ebh2vP6eSsPeuH,2018-12-08T10:04:41+00:00
nZqFkCxzNwKxbVoT,2018-12-08T10:00:06+00:00
GL21WnR1iX8z2XCp,2018-12-08T09:52:37+00:00
lJ065Flndl4k2iFJ,2018-12-08T09:43:39+00:00
r1J1N5wRzaz3XEfB,2018-12-08T09:35:53+00:00
08bEJCfjMEGLK714,2018-12-08T09:23:27+00:00
ZaRPSeQvi7W5BL3t,2018-12-08T09:21:48+00:00
1GiGAqeOAxtGmvqv,2018-12-08T09:19:20+00:00
Q06d5qHsFeb2iHoC,2018-12-08T09:18:06+00:00
r1J1N5wRzaz3XEfB,2018-12-08T09:07:13+00:00
jltxQqiWMS696wmn,2018-12-08T09:00:13+00:00
ds7nZ0fZV5tcRgEX,2018-12-08T08:58:04+00:00
IbUJ6gX0soV9Spi0,2018-12-08T08:56:48+00:00
MC11AkX6nQQUH0pI,2018-12-08T08:51:21+00:00
OAKnZodQRITyD8zU,2018-12-08T08:51:04+00:00
e6iZADUaLf3PfGCT,2018-12-08T08:46:17+00:00
GL21WnR1iX8z2XCp,2018-12-08T08:45:11+00:00
ds7nZ0fZV5tcRgEX,2018-12-08T08:40:48+00:00
r1J1N5wRzaz3XEfB,2018-12-08T08:39:49+00:00
zuOqwYpzTHokdvZl,2018-12-08T08:31:23+00:00
udB50YkZJWhNzFbJ,2018-12-08T08:28:40+00:00
Q06d5qHsFeb2iHoC,2018-12-08T08:23:50+00:00
08bEJCfjMEGLK714,2018-12-08T08:19:33+00:00
gCVvXb3zSQO3bCXC,2018-12-08T08:13:58+00:00
j8Ebh2vP6eSsPeuH,2018-12-08T07:55:47+00:00
jCeVQjjZttbKXcUc,2018-12-08T07:51:09+00:00
IeLJZuguKMe3pgcJ,2018-12-08T07:48:27+00:00
jCeVQjjZttbKXcUc,2018-12-08T07:42:34+00:00
H0j4cLbYekbH4k5V,2018-12-08T07:40:18+00:00
ds7nZ0fZV5tcRgEX,2018-12-08T07:32:57+00:00
j8Ebh2vP6eSsPeuH,2018-12-08T07:30:35+00:00
0OqPH2pi8tDWhAcS,2018-12-08T07:22:48+00:00
d9VMTYySutBdEszq,2018-12-08T07:22:43+00:00
0OqPH2pi8tDWhAcS,2018-12-08T07:17:19+00:00
r1J1N5wRzaz3XEfB,2018-12-08T07:13:13+00:00
UdNmDc2xkg0Pwx2T,2018-12-08T07:12:27+00:00
d9VMTYySutBdEszq,2018-12-08T07:07:42+00:00
jltxQqiWMS696wmn,2018-12-08T07:05:10+00:00
KzqyATM06BGcckL1,2018-12-08T07:01:10+00:00
5xagSMctAHNE6Azf,2018-12-08T06:41:06+00:00
ds7nZ0fZV5tcRgEX,2018-12-08T06:39:30+00:00
udB50YkZJWhNzFbJ,2018-12-08T06:23:47+00:00
fxzCjnLIGzijwSnd,2018-12-08T06:14:56+00:00
nZqFkCxzNwKxbVoT,2018-12-08T06:13:22+00:00
kcnisHBzNzOnPDif,2018-12-08T06:09:26+00:00
GL21WnR1iX8z2XCp,2018-12-08T06:03:52+00:00
9YXeaW3JDRUwk1bs,2018-12-08T06:02:29+00:00
fRcTomLegiqjuVZC,2018-12-08T05:53:51+00:00
HgYq9SHY7fBXAcE0,2018-12-08T05:53:24+00:00
zuOqwYpzTHokdvZl,2018-12-08T05:35:52+00:00
rO8ObXLt83NyOovT,2018-12-08T05:35:36+00:00
gCVvXb3zSQO3bCXC,2018-12-08T05:34:59+00:00
0OqPH2pi8tDWhAcS,2018-12-08T05:32:58+00:00
nQjbz8xac2k3w5Ai,2018-12-08T05:23:58+00:00
9YXeaW3JDRUwk1bs,2018-12-08T05:21:44+00:00
MJ7wiJCbA9oeyWlt,2018-12-08T05:19:12+00:00
UdNmDc2xkg0Pwx2T,2018-12-08T05:11:55+00:00
IeLJZuguKMe3pgcJ,2018-12-08T05:09:09+00:00
OAKnZodQRITyD8zU,2018-12-08T04:49:07+00:00
MJ7wiJCbA9oeyWlt,2018-12-08T04:46:50+00:00
jCeVQjjZttbKXcUc,2018-12-08T04:44:48+00:00
0OqPH2pi8tDWhAcS,2018-12-08T04:34:22+00:00
LvxFAiGmuHb6mdXb,2018-12-08T04:32:07+00:00
Q06d5qHsFeb2iHoC,2018-12-08T04:29:36+00:00
5xagSMctAHNE6Azf,2018-12-08T04:24:23+00:00
nQjbz8xac2k3w5Ai,2018-12-08T04:23:54+00:00
fRcTomLegiqjuVZC,2018-12-08T04:17:30+00:00
nQjbz8xac2k3w5Ai,2018-12-08T04:14:16+00:00
IbUJ6gX0soV9Spi0,2018-12-08T04:10:33+00:00
UdNmDc2xkg0Pwx2T,2018-12-08T04:00:23+00:00
lJ065Flndl4k2iFJ,2018-12-08T03:54:32+00:00
zuOqwYpzTHokdvZl,2018-12-08T03:48:02+00:00
jltxQqiWMS696wmn,2018-12-08T03:44:02+00:00
LvxFAiGmuHb6mdXb,2018-12-08T03:42:49+00:00
HSLNStMS9D7UwwcK,2018-12-08T03:41:29+00:00
GL21WnR1iX8z2XCp,2018-12-08T03:39:52+00:00
HSLNStMS9D7UwwcK,2018-12-08T03:38:21+00:00
e6iZADUaLf3PfGCT,2018-12-08T03:30:37+00:00
j8Ebh2vP6eSsPeuH,2018-12-08T03:24:50+00:00
r1J1N5wRzaz3XEfB,2018-12-08T03:19:59+00:00
1GiGAqeOAxtGmvqv,2018-12-08T03:18:50+00:00
ds7nZ0fZV5tcRgEX,2018-12-08T03:16:49+00:00
OAKnZodQRITyD8zU,2018-12-08T03:12:17+00:00
yhIKLRU44fuMyKFJ,2018-12-08T03:08:20+00:00
IbUJ6gX0soV9Spi0,2018-12-08T02:58:15+00:00
U50kBC5eI7sdkgob,2018-12-08T02:54:01+00:00
9YXeaW3JDRUwk1bs,2018-12-08T02:43:07+00:00
zooddYMgzNW9oqoz,2018-12-08T02:29:10+00:00
rO8ObXLt83NyOovT,2018-12-08T02:27:23+00:00
IeLJZuguKMe3pgcJ,2018-12-08T02:26:10+00:00
dnwiT53ElqTj8lrx,2018-12-08T02:17:10+00:00
yhIKLRU44fuMyKFJ,2018-12-08T02:12:34+00:00
IeLJZuguKMe3pgcJ,2018-12-08T02:11:04+00:00
0OqPH2pi8tDWhAcS,2018-12-08T02:09:04+00:00
gCVvXb3zSQO3bCXC,2018-12-08T02:05:42+00:00
IbUJ6gX0soV9Spi0,2018-12-08T02:04:37+00:00
HSLNStMS9D7UwwcK,2018-12-08T02:02:03+00:00
OAKnZodQRITyD8zU,2018-12-08T01:59:45+00:00
9YXeaW3JDRUwk1bs,2018-12-08T01:57:26+00:00
LvxFAiGmuHb6mdXb,2018-12-08T01:54:27+00:00
GL21WnR1iX8z2XCp,2018-12-08T01:49:50+00:00
KzqyATM06BGcckL1,2018-12-08T01:47:31+00:00
zuOqwYpzTHokdvZl,2018-12-08T01:43:53+00:00
rO8ObXLt83NyOovT,2018-12-08T01:35:28+00:00
rO8ObXLt83NyOovT,2018-12-08T01:33:07+00:00
r1J1N5wRzaz3XEfB,2018-12-08T01:31:15+00:00
GL21WnR1iX8z2XCp,2018-12-08T01:23:42+00:00
nQjbz8xac2k3w5Ai,2018-12-08T01:23:18+00:00
e6iZADUaLf3PfGCT,2018-12-08T01:21:16+00:00
MJ7wiJCbA9oeyWlt,2018-12-08T01:21:10+00:00
e6iZADUaLf3PfGCT,2018-12-08T01:10:00+00:00
uTjUdZZExsgQbbBs,2018-12-08T01:09:18+00:00
zuOqwYpzTHokdvZl,2018-12-08T01:06:18+00:00
ExbMvZlS7o1Cv51W,2018-12-08T00:55:10+00:00
B0CGBQdJG0OMdfEq,2018-12-08T00:50:38+00:00
IeLJZuguKMe3pgcJ,2018-12-08T00:49:17+00:00
zooddYMgzNW9oqoz,2018-12-08T00:49:12+00:00
MC11AkX6nQQUH0pI,2018-12-08T00:48:44+00:00
lJ065Flndl4k2iFJ,2018-12-08T00:47:55+00:00
Q06d5qHsFeb2iHoC,2018-12-08T00:35:55+00:00
kcnisHBzNzOnPDif,2018-12-08T00:32:49+00:00
B0CGBQdJG0OMdfEq,2018-12-08T00:27:46+00:00
IeLJZuguKMe3pgcJ,2018-12-08T00:24:55+00:00
1GiGAqeOAxtGmvqv,2018-12-08T00:23:23+00:00
H0j4cLbYekbH4k5V,2018-12-08T00:22:34+00:00
gCVvXb3zSQO3bCXC,2018-12-08T00:11:48+00:00
v0aHNzok88BWbUDP,2018-12-08T00:11:19+00:00
dnwiT53ElqTj8lrx,2018-12-07T23:53:18+00:00
B0CGBQdJG0OMdfEq,2018-12-07T23:51:59+00:00
9YXeaW3JDRUwk1bs,2018-12-07T23:51:27+00:00
ZaRPSeQvi7W5BL3t,2018-12-07T23:41:14+00:00
GL21WnR1iX8z2XCp,2018-12-07T23:39:58+00:00
nZqFkCxzNwKxbVoT,2018-12-07T23:37:14+00:00
Z1TfpCZ0QBGmSmdj,2018-12-07T23:24:26+00:00
U50kBC5eI7sdkgob,2018-12-07T23:21:54+00:00
GuvnPI7pugb3n8LP,2018-12-07T23:21:23+00:00
uTjUdZZExsgQbbBs,2018-12-07T23:20:27+00:00
jCeVQjjZttbKXcUc,2018-12-07T23:17:47+00:00
zooddYMgzNW9oqoz,2018-12-07T23:11:13+00:00
e6iZADUaLf3PfGCT,2018-12-07T23:09:38+00:00
dnwiT53ElqTj8lrx,2018-12-07T23:03:46+00:00
IeLJZuguKMe3pgcJ,2018-12-07T22:58:38+00:00
IbUJ6gX0soV9Spi0,2018-12-07T22:58:38+00:00
LvxFAiGmuHb6mdXb,2018-12-07T22:55:51+00:00
nZqFkCxzNwKxbVoT,2018-12-07T22:46:15+00:00
pPPrOFjPEXO0Q7LT,2018-12-07T22:44:51+00:00
KzqyATM06BGcckL1,2018-12-07T22:44:26+00:00
GL21WnR1iX8z2XCp,2018-12-07T22:42:16+00:00
d9VMTYySutBdEszq,2018-12-07T22:39:50+00:00
udB50YkZJWhNzFbJ,2018-12-07T22:37:43+00:00
H0j4cLbYekbH4k5V,2018-12-07T22:36:44+00:00
GuvnPI7pugb3n8LP,2018-12-07T22:33:12+00:00
HgYq9SHY7fBXAcE0,2018-12-07T22:32:52+00:00
GL21WnR1iX8z2XCp,2018-12-07T22:12:39+00:00
jltxQqiWMS696wmn,2018-12-07T22:03:42+00:00
0OqPH2pi8tDWhAcS,2018-12-07T22:01:52+00:00
MJ7wiJCbA9oeyWlt,2018-12-07T21:55:07+00:00
U50kBC5eI7sdkgob,2018-12-07T21:51:41+00:00
IeLJZuguKMe3pgcJ,2018-12-07T21:50:51+00:00
yhIKLRU44fuMyKFJ,2018-12-07T21:48:02+00:00
zuOqwYpzTHokdvZl,2018-12-07T21:46:13+00:00
IeLJZuguKMe3pgcJ,2018-12-07T21:42:16+00:00
5xagSMctAHNE6Azf,2018-12-07T21:40:59+00:00
MC11AkX6nQQUH0pI,2018-12-07T21:40:17+00:00
IeLJZuguKMe3pgcJ,2018-12-07T21:36:10+00:00
nXmyGpneyOAYuBjC,2018-12-07T21:11:36+00:00
IeLJZuguKMe3pgcJ,2018-12-07T21:06:26+00:00
H0j4cLbYekbH4k5V,2018-12-07T21:01:34+00:00
JvpNcx9j5hc497GW,2018-12-07T20:58:35+00:00
1GiGAqeOAxtGmvqv,2018-12-07T20:58:34+00:00
nQjbz8xac2k3w5Ai,2018-12-07T20:52:43+00:00
B0CGBQdJG0OMdfEq,2018-12-07T20:44:12+00:00
jCeVQjjZttbKXcUc,2018-12-07T20:41:15+00:00
zooddYMgzNW9oqoz,2018-12-07T20:40:39+00:00
kcnisHBzNzOnPDif,2018-12-07T20:35:22+00:00
jltxQqiWMS696wmn,2018-12-07T20:32:55+00:00
GL21WnR1iX8z2XCp,2018-12-07T20:26:03+00:00
U50kBC5eI7sdkgob,2018-12-07T20:22:29+00:00
ZaRPSeQvi7W5BL3t,2018-12-07T20:20:53+00:00
j8Ebh2vP6eSsPeuH,2018-12-07T20:20:00+00:00
nQjbz8xac2k3w5Ai,2018-12-07T20:18:59+00:00
uTjUdZZExsgQbbBs,2018-12-07T20:04:56+00:00
WhsERd72uxj5w7rh,2018-12-07T19:55:51+00:00
H0j4cLbYekbH4k5V,2018-12-07T19:45:59+00:00
LvxFAiGmuHb6mdXb,2018-12-07T19:41:43+00:00
JvpNcx9j5hc497GW,2018-12-07T19:39:13+00:00
r1J1N5wRzaz3XEfB,2018-12-07T19:38:53+00:00
GL21WnR1iX8z2XCp,2018-12-07T19:32:27+00:00
d9VMTYySutBdEszq,2018-12-07T19:16:09+00:00
yhIKLRU44fuMyKFJ,2018-12-07T19:15:35+00:00
uTjUdZZExsgQbbBs,2018-12-07T19:11:21+00:00
fxzCjnLIGzijwSnd,2018-12-07T19:10:11+00:00
1GiGAqeOAxtGmvqv,2018-12-07T19:05:34+00:00
U50kBC5eI7sdkgob,2018-12-07T19:04:35+00:00
MC11AkX6nQQUH0pI,2018-12-07T19:03:52+00:00
e6iZADUaLf3PfGCT,2018-12-07T19:01:11+00:00
5xagSMctAHNE6Azf,2018-12-07T18:59:24+00:00
nXmyGpneyOAYuBjC,2018-12-07T18:49:17+00:00
08bEJCfjMEGLK714,2018-12-07T18:45:20+00:00
JvpNcx9j5hc497GW,2018-12-07T18:42:06+00:00
gCVvXb3zSQO3bCXC,2018-12-07T18:38:55+00:00
OAKnZodQRITyD8zU,2018-12-07T18:33:43+00:00
fxzCjnLIGzijwSnd,2018-12-07T18:28:38+00:00
gCVvXb3zSQO3bCXC,2018-12-07T18:28:27+00:00
JvpNcx9j5hc497GW,2018-12-07T18:22:02+00:00
0OqPH2pi8tDWhAcS,2018-12-07T18:20:53+00:00
HgYq9SHY7fBXAcE0,2018-12-07T18:11:28+00:00
IbUJ6gX0soV9Spi0,2018-12-07T18:09:49+00:00
uTjUdZZExsgQbbBs,2018-12-07T17:46:17+00:00
GuvnPI7pugb3n8LP,2018-12-07T17:41:47+00:00
ExbMvZlS7o1Cv51W,2018-12-07T17:39:35+00:00
U50kBC5eI7sdkgob,2018-12-07T17:39:21+00:00
nQjbz8xac2k3w5Ai,2018-12-07T17:36:43+00:00
ExbMvZlS7o1Cv51W,2018-12-07T17:32:10+00:00
ExbMvZlS7o1Cv51W,2018-12-07T17:27:56+00:00
v0aHNzok88BWbUDP,2018-12-07T17:24:12+00:00
j8Ebh2vP6eSsPeuH,2018-12-07T17:17:42+00:00
fRcTomLegiqjuVZC,2018-12-07T17:11:23+00:00
rO8ObXLt83NyOovT,2018-12-07T17:07:07+00:00
e6iZADUaLf3PfGCT,2018-12-07T16:58:18+00:00
HSLNStMS9D7UwwcK,2018-12-07T16:55:14+00:00
lJ065Flndl4k2iFJ,2018-12-07T16:52:21+00:00
lJ065Flndl4k2iFJ,2018-12-07T16:52:19+00:00
uTjUdZZExsgQbbBs,2018-12-07T16:47:38+00:00
KzqyATM06BGcckL1,2018-12-07T16:32:03+00:00
nQjbz8xac2k3w5Ai,2018-12-07T16:22:08+00:00
nQjbz8xac2k3w5Ai,2018-12-07T16:19:32+00:00
MC11AkX6nQQUH0pI,2018-12-07T16:16:14+00:00
Q06d5qHsFeb2iHoC,2018-12-07T16:13:44+00:00
gCVvXb3zSQO3bCXC,2018-12-07T16:04:14+00:00
WhsERd72uxj5w7rh,2018-12-07T16:03:11+00:00
1GiGAqeOAxtGmvqv,2018-12-07T16:00:45+00:00
ExbMvZlS7o1Cv51W,2018-12-07T16:00:19+00:00
uTjUdZZExsgQbbBs,2018-12-07T15:55:56+00:00
fxzCjnLIGzijwSnd,2018-12-07T15:55:40+00:00
yhIKLRU44fuMyKFJ,2018-12-07T15:46:56+00:00
jltxQqiWMS696wmn,2018-12-07T15:46:44+00:00
kcnisHBzNzOnPDif,2018-12-07T15:43:15+00:00
nXmyGpneyOAYuBjC,2018-12-07T15:42:22+00:00
KzqyATM06BGcckL1,2018-12-07T15:31:30+00:00
uTjUdZZExsgQbbBs,2018-12-07T15:25:56+00:00
HgYq9SHY7fBXAcE0,2018-12-07T15:25:19+00:00
U50kBC5eI7sdkgob,2018-12-07T15:14:39+00:00
v0aHNzok88BWbUDP,2018-12-07T15:12:01+00:00
HgYq9SHY7fBXAcE0,2018-12-07T15:07:38+00:00
ds7nZ0fZV5tcRgEX,2018-12-07T14:58:24+00:00
MC11AkX6nQQUH0pI,2018-12-07T14:58:17+00:00
udB50YkZJWhNzFbJ,2018-12-07T14:53:52+00:00
r1J1N5wRzaz3XEfB,2018-12-07T14:53:31+00:00
pPPrOFjPEXO0Q7LT,2018-12-07T14:50:24+00:00
r1J1N5wRzaz3XEfB,2018-12-07T14:48:07+00:00
nXmyGpneyOAYuBjC,2018-12-07T14:33:10+00:00
j8Ebh2vP6eSsPeuH,2018-12-07T14:31:16+00:00
kcnisHBzNzOnPDif,2018-12-07T14:19:09+00:00
KzqyATM06BGcckL1,2018-12-07T14:17:21+00:00
dnwiT53ElqTj8lrx,2018-12-07T14:11:05+00:00
jltxQqiWMS696wmn,2018-12-07T14:05:41+00:00
GuvnPI7pugb3n8LP,2018-12-07T14:01:41+00:00
j8Ebh2vP6eSsPeuH,2018-12-07T13:58:27+00:00
08bEJCfjMEGLK714,2018-12-07T13:55:57+00:00
ZaRPSeQvi7W5BL3t,2018-12-07T13:55:24+00:00
U50kBC5eI7sdkgob,2018-12-07T13:55:00+00:00
nQjbz8xac2k3w5Ai,2018-12-07T13:45:41+00:00
MJ7wiJCbA9oeyWlt,2018-12-07T13:42:12+00:00
r1J1N5wRzaz3XEfB,2018-12-07T13:41:25+00:00
uTjUdZZExsgQbbBs,2018-12-07T13:38:00+00:00
rO8ObXLt83NyOovT,2018-12-07T13:37:31+00:00
gCVvXb3zSQO3bCXC,2018-12-07T13:32:56+00:00
KzqyATM06BGcckL1,2018-12-07T13:29:09+00:00
jCeVQjjZttbKXcUc,2018-12-07T13:25:17+00:00
v0aHNzok88BWbUDP,2018-12-07T13:25:10+00:00
fxzCjnLIGzijwSnd,2018-12-07T13:23:27+00:00
lJ065Flndl4k2iFJ,2018-12-07T13:17:42+00:00
08bEJCfjMEGLK714,2018-12-07T13:14:25+00:00
ExbMvZlS7o1Cv51W,2018-12-07T13:01:21+00:00
OAKnZodQRITyD8zU,2018-12-07T12:57:19+00:00
U50kBC5eI7sdkgob,2018-12-07T12:55:47+00:00
nQjbz8xac2k3w5Ai,2018-12-07T12:46:11+00:00
j8Ebh2vP6eSsPeuH,2018-12-07T12:44:19+00:00
r1J1N5wRzaz3XEfB,2018-12-07T12:43:01+00:00
08bEJCfjMEGLK714,2018-12-07T12:40:45+00:00
KzqyATM06BGcckL1,2018-12-07T12:36:39+00:00
MC11AkX6nQQUH0pI,2018-12-07T12:36:35+00:00
j8Ebh2vP6eSsPeuH,2018-12-07T12:33:57+00:00
jCeVQjjZttbKXcUc,2018-12-07T12:32:25+00:00
jCeVQjjZttbKXcUc,2018-12-07T12:27:51+00:00
rO8ObXLt83NyOovT,2018-12-07T12:22:21+00:00
gCVvXb3zSQO3bCXC,2018-12-07T12:22:15+00:00
nXmyGpneyOAYuBjC,2018-12-07T12:21:26+00:00
pPPrOFjPEXO0Q7LT,2018-12-07T12:16:27+00:00
v0aHNzok88BWbUDP,2018-12-07T12:14:07+00:00
08bEJCfjMEGLK714,2018-12-07T12:13:58+00:00
udB50YkZJWhNzFbJ,2018-12-07T12:11:00+00:00
5xagSMctAHNE6Azf,2018-12-07T12:07:50+00:00
udB50YkZJWhNzFbJ,2018-12-07T12:00:18+00:00
uTjUdZZExsgQbbBs,2018-12-07T12:00:14+00:00
ExbMvZlS7o1Cv51W,2018-12-07T11:56:57+00:00
OAKnZodQRITyD8zU,2018-12-07T11:53:43+00:00
5xagSMctAHNE6Azf,2018-12-07T11:45:29+00:00
j8Ebh2vP6eSsPeuH,2018-12-07T11:44:44+00:00
0OqPH2pi8tDWhAcS,2018-12-07T11:44:03+00:00
MJ7wiJCbA9oeyWlt,2018-12-07T11:32:14+00:00
Q06d5qHsFeb2iHoC,2018-12-07T11:25:16+00:00
JvpNcx9j5hc497GW,2018-12-07T11:24:27+00:00
MC11AkX6nQQUH0pI,2018-12-07T11:23:42+00:00
MC11AkX6nQQUH0pI,2018-12-07T11:22:23+00:00
gCVvXb3zSQO3bCXC,2018-12-07T11:12:32+00:00
B0CGBQdJG0OMdfEq,2018-12-07T11:10:39+00:00
nQjbz8xac2k3w5Ai,2018-12-07T11:09:13+00:00
uTjUdZZExsgQbbBs,2018-12-07T11:03:04+00:00
9YXeaW3JDRUwk1bs,2018-12-07T10:57:22+00:00
jltxQqiWMS696wmn,2018-12-07T10:54:50+00:00
ExbMvZlS7o1Cv51W,2018-12-07T10:52:43+00:00
yhIKLRU44fuMyKFJ,2018-12-07T10:45:46+00:00
OAKnZodQRITyD8zU,2018-12-07T10:45:23+00:00
j8Ebh2vP6eSsPeuH,2018-12-07T10:44:00+00:00
ZaRPSeQvi7W5BL3t,2018-12-07T10:37:17+00:00
kcnisHBzNzOnPDif,2018-12-07T10:36:27+00:00
v0aHNzok88BWbUDP,2018-12-07T10:30:37+00:00
lJ065Flndl4k2iFJ,2018-12-07T10:27:15+00:00
uTjUdZZExsgQbbBs,2018-12-07T10:22:38+00:00
LvxFAiGmuHb6mdXb,2018-12-07T10:19:14+00:00
lJ065Flndl4k2iFJ,2018-12-07T10:13:38+00:00
9YXeaW3JDRUwk1bs,2018-12-07T10:10:47+00:00
zooddYMgzNW9oqoz,2018-12-07T10:08:12+00:00
WhsERd72uxj5w7rh,2018-12-07T10:06:00+00:00
nZqFkCxzNwKxbVoT,2018-12-07T10:03:30+00:00
IeLJZuguKMe3pgcJ,2018-12-07T10:03:20+00:00
zuOqwYpzTHokdvZl,2018-12-07T09:58:24+00:00
1GiGAqeOAxtGmvqv,2018-12-07T09:57:15+00:00
nQjbz8xac2k3w5Ai,2018-12-07T09:43:43+00:00
ds7nZ0fZV5tcRgEX,2018-12-07T09:40:49+00:00
fRcTomLegiqjuVZC,2018-12-07T09:39:16+00:00
v0aHNzok88BWbUDP,2018-12-07T09:38:25+00:00
5xagSMctAHNE6Azf,2018-12-07T09:37:39+00:00
B0CGBQdJG0OMdfEq,2018-12-07T09:29:20+00:00
kcnisHBzNzOnPDif,2018-12-07T09:28:09+00:00
jCeVQjjZttbKXcUc,2018-12-07T09:26:54+00:00
ZaRPSeQvi7W5BL3t,2018-12-07T09:26:13+00:00
1GiGAqeOAxtGmvqv,2018-12-07T09:26:12+00:00
UdNmDc2xkg0Pwx2T,2018-12-07T09:14:48+00:00
GuvnPI7pugb3n8LP,2018-12-07T09:10:45+00:00
d9VMTYySutBdEszq,2018-12-07T09:07:06+00:00
jltxQqiWMS696wmn,2018-12-07T08:57:47+00:00
d9VMTYySutBdEszq,2018-12-07T08:57:24+00:00
5xagSMctAHNE6Azf,2018-12-07T08:53:42+00:00
Q06d5qHsFeb2iHoC,2018-12-07T08:48:22+00:00
0OqPH2pi8tDWhAcS,2018-12-07T08:48:13+00:00
GL21WnR1iX8z2XCp,2018-12-07T08:47:34+00:00
Q06d5qHsFeb2iHoC,2018-12-07T08:45:47+00:00
v0aHNzok88BWbUDP,2018-12-07T08:44:01+00:00
UdNmDc2xkg0Pwx2T,2018-12-07T08:44:00+00:00
uTjUdZZExsgQbbBs,2018-12-07T08:43:35+00:00
KzqyATM06BGcckL1,2018-12-07T08:34:30+00:00
Z1TfpCZ0QBGmSmdj,2018-12-07T08:31:59+00:00
gCVvXb3zSQO3bCXC,2018-12-07T08:30:28+00:00
d9VMTYySutBdEszq,2018-12-07T08:26:37+00:00
ExbMvZlS7o1Cv51W,2018-12-07T08:15:02+00:00
udB50YkZJWhNzFbJ,2018-12-07T08:04:05+00:00
r1J1N5wRzaz3XEfB,2018-12-07T07:54:35+00:00
fxzCjnLIGzijwSnd,2018-12-07T07:52:24+00:00
MJ7wiJCbA9oeyWlt,2018-12-07T07:51:40+00:00
fRcTomLegiqjuVZC,2018-12-07T07:51:31+00:00
B0CGBQdJG0OMdfEq,2018-12-07T07:50:11+00:00
pPPrOFjPEXO0Q7LT,2018-12-07T07:42:05+00:00
nXmyGpneyOAYuBjC,2018-12-07T07:28:52+00:00
H0j4cLbYekbH4k5V,2018-12-07T07:23:08+00:00
ZaRPSeQvi7W5BL3t,2018-12-07T07:17:27+00:00
v0aHNzok88BWbUDP,2018-12-07T07:12:08+00:00
nXmyGpneyOAYuBjC,2018-12-07T07:08:38+00:00
lJ065Flndl4k2iFJ,2018-12-07T07:08:34+00:00
v0aHNzok88BWbUDP,2018-12-07T06:59:39+00:00
B0CGBQdJG0OMdfEq,2018-12-07T06:53:31+00:00
OAKnZodQRITyD8zU,2018-12-07T06:51:36+00:00
nZqFkCxzNwKxbVoT,2018-12-07T06:48:50+00:00
j8Ebh2vP6eSsPeuH,2018-12-07T06:41:59+00:00
fRcTomLegiqjuVZC,2018-12-07T06:41:50+00:00
d9VMTYySutBdEszq,2018-12-07T06:41:43+00:00
B0CGBQdJG0OMdfEq,2018-12-07T06:40:55+00:00
uTjUdZZExsgQbbBs,2018-12-07T06:27:33+00:00
MC11AkX6nQQUH0pI,2018-12-07T06:11:14+00:00
uTjUdZZExsgQbbBs,2018-12-07T06:07:41+00:00
e6iZADUaLf3PfGCT,2018-12-07T06:05:32+00:00
zuOqwYpzTHokdvZl,2018-12-07T06:01:50+00:00
UdNmDc2xkg0Pwx2T,2018-12-07T05:54:08+00:00
9YXeaW3JDRUwk1bs,2018-12-07T05:53:51+00:00
v0aHNzok88BWbUDP,2018-12-07T05:47:23+00:00
JvpNcx9j5hc497GW,2018-12-07T05:46:11+00:00
0OqPH2pi8tDWhAcS,2018-12-07T05:44:35+00:00
r1J1N5wRzaz3XEfB,2018-12-07T05:44:24+00:00
9YXeaW3JDRUwk1bs,2018-12-07T05:43:21+00:00
nQjbz8xac2k3w5Ai,2018-12-07T05:38:14+00:00
5xagSMctAHNE6Azf,2018-12-07T05:36:11+00:00
MJ7wiJCbA9oeyWlt,2018-12-07T05:34:35+00:00
d9VMTYySutBdEszq,2018-12-07T05:29:44+00:00
0OqPH2pi8tDWhAcS,2018-12-07T05:28:46+00:00
jCeVQjjZttbKXcUc,2018-12-07T05:28:00+00:00
yhIKLRU44fuMyKFJ,2018-12-07T05:27:34+00:00
OAKnZodQRITyD8zU,2018-12-07T05:23:10+00:00
nQjbz8xac2k3w5Ai,2018-12-07T05:15:04+00:00
nQjbz8xac2k3w5Ai,2018-12-07T05:14:46+00:00
ds7nZ0fZV5tcRgEX,2018-12-07T05:14:12+00:00
j8Ebh2vP6eSsPeuH,2018-12-07T05:11:42+00:00
9YXeaW3JDRUwk1bs,2018-12-07T05:11:35+00:00
JvpNcx9j5hc497GW,2018-12-07T05:10:48+00:00
HSLNStMS9D7UwwcK,2018-12-07T04:57:53+00:00
5xagSMctAHNE6Azf,2018-12-07T04:50:13+00:00
kcnisHBzNzOnPDif,2018-12-07T04:40:52+00:00
ExbMvZlS7o1Cv51W,2018-12-07T04:39:10+00:00
JvpNcx9j5hc497GW,2018-12-07T04:33:40+00:00
H0j4cLbYekbH4k5V,2018-12-07T04:29:34+00:00
MJ7wiJCbA9oeyWlt,2018-12-07T04:26:48+00:00
rO8ObXLt83NyOovT,2018-12-07T04:20:00+00:00
Q06d5qHsFeb2iHoC,2018-12-07T04:11:37+00:00
ZaRPSeQvi7W5BL3t,2018-12-07T04:11:34+00:00
IeLJZuguKMe3pgcJ,2018-12-07T04:10:58+00:00
ZaRPSeQvi7W5BL3t,2018-12-07T04:09:00+00:00
gCVvXb3zSQO3bCXC,2018-12-07T04:06:05+00:00
H0j4cLbYekbH4k5V,2018-12-07T04:05:08+00:00
IbUJ6gX0soV9Spi0,2018-12-07T03:59:38+00:00
kcnisHBzNzOnPDif,2018-12-07T03:53:52+00:00
udB50YkZJWhNzFbJ,2018-12-07T03:45:36+00:00
ZaRPSeQvi7W5BL3t,2018-12-07T03:44:34+00:00
fxzCjnLIGzijwSnd,2018-12-07T03:44:14+00:00
08bEJCfjMEGLK714,2018-12-07T03:43:34+00:00
ExbMvZlS7o1Cv51W,2018-12-07T03:42:51+00:00
Q06d5qHsFeb2iHoC,2018-12-07T03:38:16+00:00
jCeVQjjZttbKXcUc,2018-12-07T03:33:10+00:00
zooddYMgzNW9oqoz,2018-12-07T03:30:44+00:00
pPPrOFjPEXO0Q7LT,2018-12-07T03:26:00+00:00
MC11AkX6nQQUH0pI,2018-12-07T03:23:07+00:00
B0CGBQdJG0OMdfEq,2018-12-07T03:22:44+00:00
gCVvXb3zSQO3bCXC,2018-12-07T03:21:19+00:00
pPPrOFjPEXO0Q7LT,2018-12-07T03:20:16+00:00
fxzCjnLIGzijwSnd,2018-12-07T03:18:30+00:00
IeLJZuguKMe3pgcJ,2018-12-07T03:14:19+00:00
fxzCjnLIGzijwSnd,2018-12-07T03:08:29+00:00
0OqPH2pi8tDWhAcS,2018-12-07T03:07:46+00:00
rO8ObXLt83NyOovT,2018-12-07T03:03:22+00:00
zuOqwYpzTHokdvZl,2018-12-07T02:58:45+00:00
kcnisHBzNzOnPDif,2018-12-07T02:51:04+00:00
LvxFAiGmuHb6mdXb,2018-12-07T02:40:25+00:00
udB50YkZJWhNzFbJ,2018-12-07T02:37:03+00:00
fxzCjnLIGzijwSnd,2018-12-07T02:36:37+00:00
WhsERd72uxj5w7rh,2018-12-07T02:35:48+00:00
uTjUdZZExsgQbbBs,2018-12-07T02:32:18+00:00
jltxQqiWMS696wmn,2018-12-07T02:30:55+00:00
GuvnPI7pugb3n8LP,2018-12-07T02:25:40+00:00
1GiGAqeOAxtGmvqv,2018-12-07T02:20:12+00:00
5xagSMctAHNE6Azf,2018-12-07T02:07:33+00:00
zooddYMgzNW9oqoz,2018-12-07T02:07:13+00:00
udB50YkZJWhNzFbJ,2018-12-07T02:06:27+00:00
d9VMTYySutBdEszq,2018-12-07T01:57:07+00:00
lJ065Flndl4k2iFJ,2018-12-07T01:56:22+00:00
nQjbz8xac2k3w5Ai,2018-12-07T01:48:36+00:00
kcnisHBzNzOnPDif,2018-12-07T01:48:35+00:00
5xagSMctAHNE6Azf,2018-12-07T01:43:14+00:00
9YXeaW3JDRUwk1bs,2018-12-07T01:43:03+00:00
yhIKLRU44fuMyKFJ,2018-12-07T01:28:15+00:00
ExbMvZlS7o1Cv51W,2018-12-07T01:25:57+00:00
Q06d5qHsFeb2iHoC,2018-12-07T01:24:02+00:00
v0aHNzok88BWbUDP,2018-12-07T01:19:34+00:00
zuOqwYpzTHokdvZl,2018-12-07T01:19:06+00:00
d9VMTYySutBdEszq,2018-12-07T01:04:57+00:00
nZqFkCxzNwKxbVoT,2018-12-07T01:00:27+00:00
GL21WnR1iX8z2XCp,2018-12-07T00:54:01+00:00
WhsERd72uxj5w7rh,2018-12-07T00:45:32+00:00
OAKnZodQRITyD8zU,2018-12-07T00:44:47+00:00
1GiGAqeOAxtGmvqv,2018-12-07T00:41:51+00:00
LvxFAiGmuHb6mdXb,2018-12-07T00:40:22+00:00
5xagSMctAHNE6Azf,2018-12-07T00:26:51+00:00
H0j4cLbYekbH4k5V,2018-12-07T00:24:23+00:00
kcnisHBzNzOnPDif,2018-12-07T00:19:30+00:00
fRcTomLegiqjuVZC,2018-12-07T00:16:51+00:00
LvxFAiGmuHb6mdXb,2018-12-07T00:10:05+00:00
jltxQqiWMS696wmn,2018-12-07T00:04:43+00:00
fRcTomLegiqjuVZC,2018-12-07T00:04:31+00:00
